id;Speciality;Vacancy;Date;Date (Квартал);AvgSalary;salary_to;salary_from;salary_currency;employer_name;Year;area_name;Country
1;Другая специальность;Бизнес-аналитик мобильного приложения (iOS/Android) в ИТ компанию Первая Форма;17.04.2020;2;;;;;Территория Про;2021;Москва;Russian Federation
1;Другая специальность;Интернет-маркетолог по ASO / SEO в среде IOS / Android;14.04.2020;2;30000;30000;;RUR;GoRMBGames;2020;Москва;Russian Federation
2;Другая специальность;Младший менеджер по работе с клиентами в рекламную группу KIOSK;28.08.2020;3;;;;;Киоск Групп;2021;Москва;Russian Federation
1;Другая специальность;Руководитель мобильных приложений IOS/Android;23.04.2021;2;200000;;200000;RUR;Coral Club;2021;Москва;Russian Federation
1;Другая специальность;Системный аналитик мобильных приложений (iOS, Android);25.11.2020;4;;;;;Техносерв Консалтинг;2020;Москва;Russian Federation
1;Другая специальность;Специалист по биостатистике (Biostatistian);01.06.2020;2;;;;;Р-Фарм / R-Pharm Group;2020;Москва;Russian Federation
1;Другая специальность;Стажер в команду iOS-разработки Дзена;25.03.2021;1;;;;;Яндекс;2021;Москва;Russian Federation
1;Другая специальность;Тестер (для тестирования приложений на iOS, Android, а также Web приложений и API);04.02.2021;1;126000;180000;72000;RUR;Zoftify Eesti O?;2020;Москва;Russian Federation
1;Другая специальность;Тестер (тестирование приложений на iOS, Android, а также Web приложений и API);10.06.2021;2;107000;154000;60000;RUR;Zoftify Eesti O?;2020;Москва;Russian Federation
1;Другая специальность;Biostatistician;03.05.2020;2;;;;;Parexel International;2020;Москва;Russian Federation
2;Другая специальность;Biostatistician II;22.08.2020;3;;;;;Parexel International;2020;Москва;Russian Federation
1;Другая специальность;QA Automation IOS/Android;19.05.2020;2;;;;;WILDBERRIES;2020;Москва;Russian Federation
1;Другая специальность;Senior IOS;08.09.2020;3;180000;;180000;RUR;Бизнес Успех;2020;Москва;Russian Federation
1;Другая специальность;Senior iOS SDK Engineer;24.03.2021;1;145000;170000;120000;RUR;Apphud;2021;Санкт-Петербург;Russian Federation
1;Другая специальность;Senior QA Инженер (тестирования мобильных приложений (iOS, Android);12.04.2021;2;195000;230000;160000;RUR;L’etoile Digital;2021;Санкт-Петербург;Russian Federation
1;Другая специальность;Senior QA Инженер (удаленно-тестирование мобильных приложений (iOS, Android);14.04.2021;2;205000;230000;180000;RUR;L’etoile Digital;2021;Санкт-Петербург;Russian Federation
1;Другая специальность;Senior QA Engineer (Mobile iOS / Android / Fullstack JavaScript - Remote);22.04.2021;2;4000;4000;4000;USD;Данченкова Светлана Викторовна;2021;Санкт-Петербург;Russian Federation
1;Другая специальность;Team lead/ Tech lead в команду “Отели”;28.12.2020;4;;;;;Туту.ру;2020;Москва;Russian Federation
1;Другая специальность;Technical Lead iOS;26.07.2021;3;310000;340000;280000;RUR;FunCorp;2021;Екатеринбург;Russian Federation
1;Программист;Ведущий программист iOS (удаленная занятость);27.08.2020;3;;;;;FIX PRICE;2020;Тверь;Russian Federation
2;Программист;Ведущий NodeJS/PHP-программист (backend мобильного приложения);22.12.2020;4;100000;;100000;RUR;Улыбка радуги;2020;Москва;Russian Federation
1;Программист;Программист / Ведущий программист iOS;28.06.2021;2;;;;;Программный Продукт, ИТ-компания;2021;Санкт-Петербург;Russian Federation
1;Программист;Программист / Ведущий программист iOS;04.05.2020;2;;;;;Программный Продукт, ИТ-компания;2020;Москва;Russian Federation
1;Программист;Программист мобильного приложения на ios и android;29.03.2021;1;;;;;AnyReal;2021;Москва;Russian Federation
1;Программист;Программист на IOS;26.10.2021;4;150000;200000;100000;RUR;Аруснави;2021;Москва;Russian Federation
78;Программист;Программист на Unity под Android и IOS.;09.02.2021;1;40030;80000;60;RUR;Бородкин Константин Викторович;2021;Москва;Russian Federation
1;Программист;Программист iOS;04.04.2021;2;200000;;200000;RUR;Биганто;2021;Москва;Russian Federation
1;Программист;Программист IOS;06.04.2021;2;140000;200000;80000;RUR;Soft Jet;2021;Москва;Russian Federation
1;Программист;Программист IOS;26.05.2021;2;140000;200000;80000;RUR;Soft Jet;2021;Москва;Russian Federation
1;Программист;Программист iOS;07.05.2021;2;200000;;200000;RUR;Биганто;2021;Москва;Russian Federation
1;Программист;Программист iOS;23.04.2020;2;;;;;ГПМ Радио;2020;Москва;Russian Federation
1;Программист;Программист iOS;23.06.2020;2;;;;;ГПМ Радио;2020;Москва;Russian Federation
1;Программист;Программист IOS;01.04.2021;2;250000;;250000;RUR;IT and Digital;2021;Москва;Russian Federation
1;Программист;Программист iOS;01.04.2021;2;;;;;QIWI;2021;Минск;Belarus
1;Программист;Программист-специалист по разработке мобильных приложений ios и Android;16.03.2021;1;175000;200000;150000;RUR;ПРОФНОРД;2021;Москва;Russian Federation
1;Программист;IOS программист;09.08.2021;3;100000;130000;70000;RUR;Алеф ван лтд;2021;Москва;Russian Federation
1;Программист;IOS программист;01.04.2021;2;180000;215000;145000;RUR;БИФИТ;2021;Москва;Russian Federation
1;Программист;IOS программист;13.06.2021;2;100000;130000;70000;RUR;Алеф ван лтд;2021;Санкт-Петербург;Russian Federation
1;Программист;IOS программист;06.11.2021;4;100000;130000;70000;RUR;Алеф ван лтд;2021;Москва;Russian Federation
1;Программист;IOS программист;24.11.2021;4;200000;260000;140000;RUR;БИФИТ;2021;Москва;Russian Federation
1;Программист;IOS Программист;15.06.2020;2;100000;120000;80000;RUR;Ильяев Леонид Львович;2020;Москва;Russian Federation
1;Разработчик;Ведущий iOS разработчик;26.05.2020;2;250000;250000;;RUR;MAXIMUM EDUCATION;2020;Москва;Russian Federation
1;Разработчик;Главный разработчик IOS;15.08.2020;3;;;;;Сбербанк;2020;Москва;Russian Federation
1;Разработчик;Главный IOS разработчик (Техлид команды);22.11.2021;4;350000;350000;;RUR;Азбука вкуса;2021;Санкт-Петербург;Russian Federation
1;Разработчик;Младший разработчик iOS, Buyer Experience;21.07.2021;3;;;;;Ozon;2021;Москва;Russian Federation
1;Разработчик;Младший IOS разработчик;22.04.2021;2;;;;;Газпромбанк;2021;Москва;Russian Federation
1;Разработчик;Мобильный (iOS/Andriod) разработчик в Сбере;23.08.2021;3;;;;;Сбербанк;2021;Москва;Russian Federation
1;Разработчик;Мобильный (iOS/Andriod) разработчик в Сбере;24.08.2021;3;;;;;Сбербанк;2021;Москва;Russian Federation
1;Разработчик;Мобильный (iOS/Andriod) разработчик в Сбере;23.08.2021;3;;;;;Сбербанк;2021;Москва;Russian Federation
1;Разработчик;Мобильный (iOS/Andriod) разработчик в Сбере;02.09.2021;3;;;;;Сбербанк;2021;Москва;Russian Federation
1;Разработчик;Мобильный (iOS/Andriod) разработчик в Сбере;27.08.2021;3;;;;;Сбербанк;2021;Москва;Russian Federation
1;Разработчик;Мобильный разработчик (iOS, Android);18.02.2021;1;60000;60000;;RUR;GRAFFIT;2021;Москва;Russian Federation
1;Разработчик;Мобильный разработчик Android/IOS(Middle/Senior);21.03.2020;1;90000;;90000;RUR;Электронное издательство ЮРАЙТ;2020;Москва;Russian Federation
1;Разработчик;Программист разработчик Mac OS / iOS;20.06.2021;2;100000;;100000;RUR;ИнфоТех;2021;Москва;Russian Federation
66;Разработчик;Разработчик кросс-платформенного мобильного приложения Android / iOS;12.07.2021;3;80000;;80000;RUR;РК-ТЕХНОЛОГИИ;2021;Москва;Russian Federation
1002;Разработчик;Разработчик мобильных игр/приложений Android и iOS;12.12.2020;4;550000;1000000;100000;RUR;Lafa games;2020;Москва;Russian Federation
1;Разработчик;Разработчик мобильных приложений (Android / iOS/Unity), Удаленная работа;06.05.2020;2;950;;950;USD;Lemon Technologies Group;2020;Москва;Russian Federation
1;Разработчик;Разработчик мобильных приложений (Android/IOS);16.03.2021;1;100000;;100000;RUR;ЕГЭLAND (ИП Филатов Александр Дмитриевич);2021;Москва;Russian Federation
1;Разработчик;Разработчик мобильных приложений (Android/IOS);03.05.2021;2;;;;;МКК М Булак;2021;Москва;Russian Federation
1;Разработчик;Разработчик мобильных приложений (iOS, Android);08.05.2021;2;;;;;НТ Прогресс;2021;Москва;Russian Federation
1;Разработчик;Разработчик мобильных приложений (iOS, Android);25.05.2020;2;;;;;НТ Прогресс;2020;Москва;Russian Federation
1;Разработчик;Разработчик мобильных приложений на iOS (Swift);15.08.2021;3;140000;;140000;RUR;Джимсофт;2021;Санкт-Петербург;Russian Federation
1;Разработчик;Разработчик мобильных приложений под iOS;14.08.2021;3;290000;290000;;RUR;Точка;2021;Санкт-Петербург;Russian Federation
1;Разработчик;Разработчик мобильных приложений под iOS;28.10.2021;4;380000;380000;;RUR;Точка;2021;Санкт-Петербург;Russian Federation
1;Разработчик;Разработчик мобильных приложений под iOS;14.05.2021;2;250000;250000;;RUR;Точка;2021;Санкт-Петербург;Russian Federation
1;Разработчик;Разработчик мобильных приложений iOS;21.11.2021;4;125000;200000;50000;RUR;AISA;2021;Москва;Russian Federation
1;Разработчик;Разработчик мобильных приложений iOS;19.09.2021;3;125000;200000;50000;RUR;AISA;2021;Екатеринбург;Russian Federation
1;Разработчик;Разработчик мобильных приложений IOS Middle/ Senior (удаленно);10.08.2021;3;175000;180000;170000;RUR;СДЭК;2021;Тверь;Russian Federation
1;Разработчик;Разработчик мобильных приложения под Android / iOS;25.12.2020;4;80000;100000;60000;RUR;Adforia;2020;Москва;Russian Federation
1;Разработчик;Разработчик на IOS;24.03.2021;1;100000;;100000;RUR;MyAppTop;2021;Санкт-Петербург;Russian Federation
1;Разработчик;Разработчик на IOS;26.05.2021;2;90000;;90000;RUR;MyAppTop;2021;Москва;Russian Federation
2;Разработчик;Разработчик под iOS;11.01.2021;1;185000;200000;170000;RUR;Улыбка радуги;2021;Москва;Russian Federation
1;Разработчик;Разработчик Andriod, iOS;07.06.2021;2;;;;;Назарет Капитал;2021;Москва;Russian Federation
4;Разработчик;Разработчик Android, iOS;27.03.2021;1;100000;;100000;RUR;Аланис Софтвер;2021;Москва;Russian Federation
1;Разработчик;Разработчик IOS;17.03.2021;1;;;;;netPrint.ru;2021;Москва;Russian Federation
1;Разработчик;Разработчик iOS;24.03.2021;1;190000;220000;160000;RUR;Action;2021;Москва;Russian Federation
1;Разработчик;Разработчик iOS;15.09.2021;3;250000;;250000;RUR;Mercury;2021;Москва;Russian Federation
1;Разработчик;Разработчик iOS;24.11.2021;4;180000;;180000;RUR;Интеллектуальный Поиск;2021;Москва;Russian Federation
1;Разработчик;Разработчик iOS;04.06.2021;2;;;;;Аладдин Р.Д.;2021;Москва;Russian Federation
1;Разработчик;Разработчик IOS;30.08.2021;3;;;;;Смарт АйТи;2021;Москва;Russian Federation
1;Разработчик;Разработчик iOS (СберИнвестор);19.08.2021;3;;;;;Сбербанк;2021;Москва;Russian Federation
2;Разработчик;Разработчик iOS (стажер);27.04.2020;2;20000;20000;;RUR;Наука;2020;Минск;Belarus
159;Разработчик;Разработчик iOS (удаленно);01.04.2021;2;1300000;1300000;;KZT;Бэст Прайс Казахстан;2021;Москва;Russian Federation
1;Разработчик;Разработчик iOS (удаленно);03.05.2021;2;;;;;FIX PRICE;2021;Москва;Russian Federation
1;Разработчик;Разработчик iOS (Messenger);01.06.2020;2;;;;;Авито;2020;Москва;Russian Federation
1;Разработчик;Разработчик iOS (swift);08.01.2021;1;250000;300000;200000;RUR;Photo Lab;2021;Санкт-Петербург;Russian Federation
1;Разработчик;Разработчик iOS (Swift);01.04.2021;2;200000;;200000;RUR;Красное & Белое, розничная сеть;2021;Москва;Russian Federation
1;Разработчик;Разработчик iOS (Swift);21.04.2020;2;;;;;Почта Банк;2020;Москва;Russian Federation
1;Разработчик;Разработчик iOS (Trust & Safety);09.06.2020;2;;;;;Авито;2020;Москва;Russian Federation
53;Разработчик;Разработчик iOS на удаленную работу;05.06.2021;2;160000;170000;150000;RUR;Директ Фарм Технологии;2021;Москва;Russian Federation
53;Разработчик;Разработчик iOS на удаленную работу;05.07.2021;3;170000;180000;160000;RUR;Директ Фарм Технологии;2021;Москва;Russian Federation
90;Разработчик;Разработчик iOS приложений;03.05.2021;2;110000;130000;90000;RUR;ТомскСофт;2021;Санкт-Петербург;Russian Federation
1;Разработчик;Разработчик iOS, Buyer Experience / UGC;28.06.2021;2;;;;;Ozon;2021;Москва;Russian Federation
76;Разработчик;Разработчик iOS/Android;13.12.2020;4;;;;;Чернов Эдуард Алексеевич;2020;Москва;Russian Federation
1;Разработчик;Разработчик React Native (Android/IOS);06.06.2021;2;180000;200000;160000;RUR;GBMS;2021;Москва;Russian Federation
1;Разработчик;Разработчик React Native (Android/IOS) / React.js (Web) удалённо;08.12.2020;4;150000;;150000;RUR;Сионик;2020;Москва;Russian Federation
1;Разработчик;Разработчик Swift (iOS/macOS);28.11.2021;4;495000;510000;480000;RUR;Luminati;2021;Самара;Russian Federation
1;Разработчик;Разработчик Swift (iOS/macOS);23.11.2021;4;495000;510000;480000;RUR;Luminati;2021;Москва;Russian Federation
1;Разработчик;Разработчик Xamarin.iOS / Xamarin.Droid;13.01.2021;1;220000;;220000;RUR;Решение;2021;Москва;Russian Federation
1;Разработчик;Стажер (iOS / Android разработчик);15.04.2021;2;;;;;Леруа Мерлен;2021;Москва;Russian Federation
1;Разработчик;Стажёр разработчик iOS на Swift;18.11.2020;4;;;;;Request Design;2020;Москва;Russian Federation
1;Разработчик;Стажёр разработчик iOS на Swift;12.09.2020;3;;;;;Request Design;2020;Москва;Russian Federation
1;Разработчик;Стажер iOS-разработчик;19.11.2021;4;;;;;Techno Diasoft;2021;Москва;Russian Federation
1;Разработчик;Стажер-разработчик (приложения под iOS);15.03.2021;1;;;;;Яндекс;2021;Москва;Russian Federation
1;Разработчик;Стажер-разработчик (приложения под iOS);06.04.2021;2;;;;;Яндекс;2021;Москва;Russian Federation
1;Разработчик;Стажер-разработчик (приложения под iOS);21.06.2021;2;;;;;Яндекс;2021;Москва;Russian Federation
1;Разработчик;Стажер-разработчик (приложения под iOS);23.07.2021;3;;;;;Яндекс;2021;Москва;Russian Federation
1;Разработчик;Стажер-разработчик iOS в Маркет;21.12.2020;4;;;;;Яндекс;2020;Москва;Russian Federation
1;Разработчик;Стажер-разработчик iOS в Маркет;09.06.2020;2;;;;;Яндекс;2020;Москва;Russian Federation
1;Разработчик;Стажер-разработчик iOS в Яндекс.Маркет;15.03.2021;1;;;;;Яндекс;2021;Москва;Russian Federation
1;Разработчик;Старший IOS разработчик;09.09.2020;3;250000;;250000;RUR;Центр 2М;2020;Санкт-Петербург;Russian Federation
159;Разработчик;Удаленный iOS разработчик Junior/Middle;16.04.2021;2;25000;25000;;RUR;Абдуллин Раиль Ринатович;2021;Санкт-Петербург;Russian Federation
1;Разработчик;Android разработчик;24.08.2020;3;;;;;MERLION;2020;Санкт-Петербург;Russian Federation
2;Разработчик;Android/iOS разработчик;14.05.2021;2;;;;;Стрим;2021;Санкт-Петербург;Russian Federation
1;Разработчик;AR Разработчик для iOS (Unity);11.09.2020;3;145000;170000;120000;RUR;КИБЕРБОРЕЯ;2020;Москва;Russian Federation
1;Разработчик;Flutter разработчик (Android, iOS);06.07.2021;3;120000;120000;;RUR;ЭппКрафт;2021;Екатеринбург;Russian Federation
1;Разработчик;Full Stack разработчик PHP, Vue, Cordova (Android, IOS);27.04.2020;2;;;;;Консалтинг энд Коачинг;2020;Тверь;Russian Federation
1;Разработчик;IOS - разработчик;16.08.2021;3;;;;;Сбербанк;2021;Москва;Russian Federation
1;Разработчик;IOS - разработчик;27.11.2021;4;200000;;200000;RUR;Сбербанк;2021;Санкт-Петербург;Russian Federation
1;Разработчик;IOS - разработчик;27.09.2021;3;;;;;Сбербанк;2021;Москва;Russian Federation
1;Разработчик;IOS - разработчик в Сбере;06.10.2021;4;300000;;300000;RUR;Сбербанк;2021;Москва;Russian Federation
78;Разработчик;IOS и/или Android разработчик;08.09.2021;3;155000;250000;60000;RUR;Золотой Код;2021;Москва;Russian Federation
3;Разработчик;IOS разработчик;16.08.2021;3;;;;;Институт Развития Персонифицированных Систем Управления;2021;Москва;Russian Federation
1;Разработчик;IOS разработчик;10.08.2020;3;;;;;Distillery;2020;Москва;Russian Federation
1;Разработчик;IOS разработчик;11.08.2020;3;;;;;АЙФЭЛЛ;2020;Москва;Russian Federation
1;Разработчик;IOS разработчик;24.08.2020;3;;;;;MERLION;2020;Москва;Russian Federation
1;Разработчик;IOS разработчик;01.09.2020;3;200000;200000;;RUR;Агентство КИТ Консалт;2020;Москва;Russian Federation
1;Разработчик;IOS разработчик;21.07.2021;3;190000;230000;150000;RUR;Haraba;2021;Москва;Russian Federation
1;Разработчик;IOS разработчик;17.03.2021;1;;;;;ВБЦ;2021;Москва;Russian Federation
2;Разработчик;IOS разработчик;15.12.2020;4;165000;180000;150000;RUR;DNA Team;2020;Москва;Russian Federation
1002;Разработчик;IOS разработчик;25.11.2020;4;;;;;Трекер Технолоджис;2020;Санкт-Петербург;Russian Federation
1;Разработчик;IOS разработчик;28.11.2021;4;210000;300000;120000;RUR;АЙТИ.СПЕЙС;2021;Москва;Russian Federation
1;Разработчик;IOS разработчик;06.01.2021;1;300000;300000;;RUR;Windy.App;2021;Москва;Russian Federation
131;Разработчик;IOS разработчик;24.02.2021;1;;;;;Ideas World;2021;Москва;Russian Federation
90;Разработчик;IOS разработчик;22.02.2021;1;95000;120000;70000;RUR;i-Link;2021;Санкт-Петербург;Russian Federation
88;Разработчик;IOS разработчик;02.02.2021;1;120000;;120000;RUR;Нэти;2021;Москва;Russian Federation
1;Разработчик;IOS разработчик;17.03.2021;1;;;;;ФИНАМ;2021;Москва;Russian Federation
1002;Разработчик;IOS Разработчик;17.03.2021;1;;;;;Auslogics Labs Pty Ltd;2021;Москва;Russian Federation
1;Разработчик;IOS разработчик;21.12.2020;4;190000;230000;150000;RUR;ВЕСТА, Инвестиционный Банк;2020;Москва;Russian Federation
1;Разработчик;IOS разработчик;18.03.2021;1;;;;;БАНК УРАЛСИБ;2021;Москва;Russian Federation
1;Разработчик;IOS разработчик;02.04.2021;2;;;;;Лента, федеральная розничная сеть;2021;Санкт-Петербург;Russian Federation
1;Разработчик;IOS разработчик;12.04.2021;2;210000;250000;170000;RUR;IVIDEON;2021;Москва;Russian Federation
1;Разработчик;IOS разработчик;17.03.2021;1;140000;150000;130000;RUR;Интернет бутик Bosco;2021;Москва;Russian Federation
88;Разработчик;IOS разработчик;18.03.2021;1;125000;150000;100000;RUR;Узнать Штрафы.ру;2021;Москва;Russian Federation
1;Разработчик;IOS разработчик;18.03.2021;1;;;;;ADV/web-engineering;2021;Москва;Russian Federation
1;Разработчик;IOS разработчик;14.05.2021;2;185000;250000;120000;RUR;Моризо Диджитал;2021;Самара;Russian Federation
1;Разработчик;IOS разработчик;01.04.2021;2;;;;;Теремок, Группа компаний;2021;Москва;Russian Federation
1;Разработчик;IOS разработчик;02.04.2021;2;1250;1500;1000;USD;Передовые Системы Обучения и Контроля;2021;Москва;Russian Federation
1;Разработчик;IOS разработчик;19.03.2021;1;250000;300000;200000;RUR;ORIDIS;2021;Москва;Russian Federation
1;Разработчик;IOS разработчик;11.04.2021;2;;;;;Билайн;2021;Москва;Russian Federation
1;Разработчик;IOS разработчик;26.01.2021;1;215000;280000;150000;RUR;ПрофИТ;2021;Москва;Russian Federation
1;Разработчик;IOS разработчик;14.04.2021;2;210000;240000;180000;RUR;Астрософт Про;2021;Москва;Russian Federation
1;Разработчик;IOS разработчик;07.09.2021;3;260000;300000;220000;RUR;CCS (Center of Corporate Solution);2021;Москва;Russian Federation
1;Разработчик;IOS разработчик;24.08.2021;3;250000;250000;;RUR;Русштрафы;2021;Москва;Russian Federation
1;Разработчик;IOS разработчик;13.05.2021;2;170000;;170000;RUR;Adecco Russia;2021;Москва;Russian Federation
1002;Разработчик;IOS разработчик;23.04.2021;2;;;;;Денискин С.Е.;2021;Москва;Russian Federation
1;Разработчик;IOS разработчик;04.03.2021;1;2500;;2500;USD;MashApp;2021;Москва;Russian Federation
1;Разработчик;IOS разработчик;23.03.2021;1;;;;;Европлан;2021;Москва;Russian Federation
1;Разработчик;IOS разработчик;03.04.2021;2;120000;150000;90000;RUR;Информтехника;2021;Москва;Russian Federation
1;Разработчик;IOS разработчик;31.03.2021;1;;;;;UBIC;2021;Санкт-Петербург;Russian Federation
1;Разработчик;IOS разработчик;24.03.2021;1;67500;100000;35000;RUR;Wolf Студия СВОИ;2021;Санкт-Петербург;Russian Federation
1;Разработчик;IOS разработчик;18.05.2021;2;155000;170000;140000;RUR;ВРЕМЯ;2021;Санкт-Петербург;Russian Federation
1;Разработчик;IOS разработчик;30.03.2021;1;;;;;Билайн;2021;Санкт-Петербург;Russian Federation
1;Разработчик;IOS разработчик;13.04.2021;2;120000;;120000;RUR;amoCRM;2021;Москва;Russian Federation
1;Разработчик;IOS разработчик;18.05.2021;2;180000;;180000;RUR;ITFB Group;2021;Екатеринбург;Russian Federation
1;Разработчик;IOS разработчик;06.06.2021;2;100000;130000;70000;RUR;22Byte;2021;Тверь;Russian Federation
1;Разработчик;IOS разработчик;21.04.2021;2;200000;200000;;RUR;PRIDEX Group;2021;Москва;Russian Federation
1;Разработчик;IOS разработчик;11.04.2021;2;;;;;UBIC;2021;Санкт-Петербург;Russian Federation
1;Разработчик;IOS разработчик;31.08.2021;3;;;;;HeadHunter;2021;Москва;Russian Federation
1;Разработчик;IOS разработчик;06.04.2021;2;;;;;Ситилинк;2021;Москва;Russian Federation
88;Разработчик;IOS разработчик;23.04.2021;2;140000;180000;100000;RUR;Узнать Штрафы.ру;2021;Москва;Russian Federation
1;Разработчик;IOS разработчик;17.06.2021;2;;;;;Флайдата;2021;Москва;Russian Federation
1;Разработчик;IOS разработчик;06.06.2021;2;95000;130000;60000;RUR;Разумные решения;2021;Москва;Russian Federation
1;Разработчик;IOS разработчик;15.06.2021;2;90000;120000;60000;RUR;ATF digital;2021;Москва;Russian Federation
1;Разработчик;IOS разработчик;04.05.2021;2;175000;200000;150000;RUR;Whitebox;2021;Москва;Russian Federation
1;Разработчик;IOS разработчик;30.04.2021;2;;;;;MOS.RU;2021;Москва;Russian Federation
1;Разработчик;IOS разработчик;26.07.2021;3;160000;;160000;RUR;MixCart;2021;Москва;Russian Federation
1;Разработчик;IOS разработчик;17.06.2021;2;250000;250000;;RUR;Global Hunter;2021;Москва;Russian Federation
1;Разработчик;IOS разработчик;18.06.2021;2;140000;150000;130000;RUR;Интернет бутик Bosco;2021;Москва;Russian Federation
1;Разработчик;IOS разработчик;19.06.2021;2;155000;170000;140000;RUR;Wowworks;2021;Минск;Belarus
1;Разработчик;IOS разработчик;26.07.2021;3;;;;;Билайн;2021;Москва;Russian Federation
1;Разработчик;IOS разработчик;26.05.2021;2;;;;;Тануки, японский ресторан;2021;Москва;Russian Federation
61;Разработчик;IOS разработчик;03.08.2021;3;125000;150000;100000;RUR;Omega;2021;Москва;Russian Federation
1;Разработчик;IOS разработчик;03.10.2021;4;217500;265000;170000;RUR;ИЦ АЙ-ТЕКО;2021;Санкт-Петербург;Russian Federation
1;Разработчик;IOS разработчик;27.08.2021;3;250000;250000;;RUR;Русштрафы;2021;Москва;Russian Federation
1;Разработчик;IOS разработчик;21.06.2021;2;125000;150000;100000;RUR;Хэндсапп;2021;Москва;Russian Federation
1;Разработчик;IOS разработчик;29.11.2021;4;;;;;Банк ВТБ (ПАО);2021;Москва;Russian Federation
1;Разработчик;IOS разработчик;17.09.2021;3;;;;;Сбербанк;2021;Москва;Russian Federation
1;Разработчик;IOS разработчик;28.09.2021;3;180000;200000;160000;RUR;Мобильные Медицинские Технологии;2021;Москва;Russian Federation
1;Разработчик;IOS разработчик;15.07.2021;3;270000;270000;;RUR;Wanted;2021;Санкт-Петербург;Russian Federation
1;Разработчик;IOS разработчик;05.08.2021;3;200000;;200000;RUR;Selecty;2021;Москва;Russian Federation
1;Разработчик;IOS разработчик;03.10.2021;4;180000;;180000;RUR;Digital-lab;2021;Москва;Russian Federation
1;Разработчик;IOS разработчик;04.09.2021;3;180000;200000;160000;RUR;Quantum Art;2021;Москва;Russian Federation
1;Разработчик;IOS разработчик;21.07.2021;3;120000;;120000;RUR;МОСПРИВОЗ;2021;Москва;Russian Federation
1;Разработчик;IOS разработчик;09.08.2021;3;95000;130000;60000;RUR;Разумные решения;2021;Самара;Russian Federation
1;Разработчик;IOS разработчик;21.07.2021;3;250000;300000;200000;RUR;Эй Ви Эй Системс;2021;Москва;Russian Federation
1;Разработчик;IOS разработчик;15.09.2021;3;130000;160000;100000;RUR;Айпартнер|Бинет;2021;Москва;Russian Federation
4;Разработчик;IOS разработчик;23.07.2021;3;110000;120000;100000;RUR;Унжакова Алиса Эдуардовна;2021;Москва;Russian Federation
1;Разработчик;IOS разработчик;10.08.2021;3;200000;;200000;RUR;Мигас;2021;Москва;Russian Federation
1;Разработчик;IOS разработчик;25.10.2021;4;;;;;Билайн;2021;Москва;Russian Federation
1;Разработчик;IOS разработчик;12.10.2021;4;180000;;180000;RUR;WeMakeTeam;2021;Москва;Russian Federation
1;Разработчик;IOS разработчик;30.09.2021;3;;;;;ITFB Group;2021;Москва;Russian Federation
1;Разработчик;IOS разработчик;06.09.2021;3;180000;200000;160000;RUR;Мобильные Медицинские Технологии;2021;Москва;Russian Federation
1;Разработчик;IOS разработчик;04.10.2021;4;120000;;120000;RUR;amoCRM;2021;Москва;Russian Federation
1;Разработчик;IOS разработчик;17.08.2021;3;;;;;ПРАЙМ ГРУП;2021;Москва;Russian Federation
1;Разработчик;IOS разработчик;07.09.2021;3;;;;;Сбербанк;2021;Москва;Russian Federation
1;Разработчик;IOS разработчик;05.10.2021;4;;;;;AWG;2021;Москва;Russian Federation
1;Разработчик;IOS разработчик;28.08.2021;3;130000;160000;100000;RUR;Айпартнер|Бинет;2021;Москва;Russian Federation
1;Разработчик;IOS разработчик;09.09.2021;3;;;;;START.RU;2021;Санкт-Петербург;Russian Federation
1;Разработчик;IOS разработчик;07.10.2021;4;120000;;120000;RUR;amoCRM;2021;Санкт-Петербург;Russian Federation
1;Разработчик;IOS разработчик;03.11.2021;4;115000;150000;80000;RUR;Репницкий Олег Андреевич;2021;Санкт-Петербург;Russian Federation
1;Разработчик;IOS разработчик;19.11.2021;4;287500;;287500;RUR;Сбербанк;2021;Санкт-Петербург;Russian Federation
1;Разработчик;IOS разработчик;28.11.2021;4;85000;110000;60000;RUR;GRAFFIT;2021;Москва;Russian Federation
1;Разработчик;IOS разработчик;22.09.2021;3;150000;;150000;RUR;Digital-lab;2021;Екатеринбург;Russian Federation
1;Разработчик;IOS разработчик;10.11.2021;4;160000;200000;120000;RUR;Trinity Monsters;2021;Тверь;Russian Federation
1;Разработчик;IOS разработчик;11.10.2021;4;100000;;100000;RUR;22Byte;2021;Москва;Russian Federation
1;Разработчик;IOS разработчик;14.10.2021;4;;;;;UBIC;2021;Санкт-Петербург;Russian Federation
1;Разработчик;IOS разработчик;27.11.2021;4;200000;;200000;RUR;WorkinGeeks;2021;Москва;Russian Federation
1;Разработчик;IOS разработчик;30.11.2021;4;1250;1500;1000;USD;Vyyer Technologies;2021;Москва;Russian Federation
2;Разработчик;IOS разработчик;15.03.2020;1;;;;;Genesis Vision;2020;Москва;Russian Federation
1;Разработчик;IOS разработчик;18.03.2020;1;120000;150000;90000;RUR;Информтехника;2020;Москва;Russian Federation
1;Разработчик;IOS разработчик;31.03.2020;1;;;;;МТС Банк;2020;Москва;Russian Federation
1;Разработчик;IOS разработчик;27.03.2020;1;;;;;ТЕХНОСЕРВ;2020;Москва;Russian Federation
1;Разработчик;IOS Разработчик;17.04.2020;2;;;;;Найкон;2020;Москва;Russian Federation
1;Разработчик;IOS разработчик;06.06.2020;2;;;;;Стрим;2020;Москва;Russian Federation
1;Разработчик;IOS разработчик;27.04.2020;2;;;;;ЭЛЕКТРОННЫЕ ОФИСНЫЕ СИСТЕМЫ;2020;Москва;Russian Federation
2;Разработчик;IOS разработчик;20.04.2020;2;;;;;Сторидж;2020;Москва;Russian Federation
1;Разработчик;IOS разработчик;27.04.2020;2;120000;;120000;RUR;Снопико;2020;Москва;Russian Federation
1;Разработчик;IOS разработчик;29.05.2020;2;;;;;Сбербанк;2020;Минск;Belarus
2;Разработчик;IOS разработчик;27.04.2020;2;;;;;Бэнкс Софт Системс;2020;Москва;Russian Federation
1002;Разработчик;IOS разработчик;15.11.2020;4;;;;;Джи 1 софтвеа раша;2020;Москва;Russian Federation
1;Разработчик;IOS разработчик;18.05.2020;2;;;;;SBI Bank;2020;Москва;Russian Federation
1;Разработчик;IOS разработчик;05.06.2020;2;250000;250000;;RUR;FAYGROUP;2020;Санкт-Петербург;Russian Federation
1;Разработчик;IOS разработчик;13.06.2020;2;;;;;Медиа Бизнес Солюшенс;2020;Москва;Russian Federation
1;Разработчик;IOS разработчик;21.03.2021;1;;;;;ITFB Group;2021;Москва;Russian Federation
1;Разработчик;IOS разработчик;24.06.2020;2;;;;;SOKOLOV;2020;Москва;Russian Federation
1;Разработчик;IOS разработчик;30.11.2020;4;1500;2000;1000;USD;Передовые Системы Обучения и Контроля;2020;Москва;Russian Federation
1;Разработчик;IOS разработчик;04.07.2020;3;200000;250000;150000;RUR;ПрофИТ;2020;Москва;Russian Federation
1;Разработчик;IOS разработчик - swift программист;09.08.2021;3;250000;400000;100000;RUR;Черняков Сергей Владимирович;2021;Санкт-Петербург;Russian Federation
1;Разработчик;IOS разработчик — Obj-C и Swift;17.11.2020;4;180000;180000;;RUR;Тематика;2020;Москва;Russian Federation
1;Разработчик;IOS разработчик (В стартап Донер 42);14.10.2021;4;290000;350000;230000;RUR;DODO BRANDS (Dodo Pizza, Drinkit, Doner 42);2021;Москва;Russian Federation
1;Разработчик;IOS разработчик (желательно со знанием C++ / Москва, удалёнка);15.04.2021;2;;;;;Spice Agency;2021;Москва;Russian Federation
1;Разработчик;IOS разработчик (Сбербанк Бизнес Онлайн);15.08.2020;3;;;;;Сбербанк;2020;Москва;Russian Federation
1;Разработчик;IOS разработчик (ст.м. Автозаводская);02.04.2021;2;180000;;180000;RUR;ЧЕТЫРЕ ЛАПЫ, Сеть зоомагазинов;2021;Самара;Russian Federation
1;Разработчик;IOS разработчик (Стажер школы IOS);05.05.2021;2;;;;;Сбербанк;2021;Москва;Russian Federation
1;Разработчик;IOS разработчик (Стажер школы IOS);07.06.2021;2;;;;;Сбербанк;2021;Москва;Russian Federation
1;Разработчик;IOS разработчик (стажер);14.04.2021;2;;;;;MAXIMUM EDUCATION;2021;Москва;Russian Federation
1;Разработчик;IOS разработчик (стажер);21.05.2021;2;;;;;MAXIMUM EDUCATION;2021;Москва;Russian Federation
1;Разработчик;IOS разработчик (удаленно в США);11.03.2021;1;135000;200000;70000;RUR;PRKOD LLC;2021;Москва;Russian Federation
1;Разработчик;IOS разработчик (удаленно);21.08.2020;3;;;;;РОСБАНК, Societe Generale Group (Russia);2020;Москва;Russian Federation
4;Разработчик;IOS разработчик (удаленно);22.02.2021;1;160000;200000;120000;RUR;Соцкий Николай Сергеевич;2021;Москва;Russian Federation
1;Разработчик;IOS разработчик (удаленно);03.07.2021;3;100000;100000;;RUR;Мерусофт;2021;Москва;Russian Federation
1;Разработчик;IOS разработчик (удаленно);08.07.2021;3;250000;250000;;RUR;Цифровые привычки;2021;Москва;Russian Federation
1;Разработчик;IOS разработчик (удаленно);18.03.2021;1;250000;300000;200000;RUR;Star-staff;2021;Москва;Russian Federation
1;Разработчик;IOS разработчик (удаленно);21.04.2021;2;250000;250000;;RUR;Цифровые привычки;2021;Москва;Russian Federation
1;Разработчик;IOS разработчик (удаленно);19.03.2021;1;185000;250000;120000;RUR;Цифровые привычки;2021;Москва;Russian Federation
1;Разработчик;IOS разработчик (удаленно);19.04.2021;2;140000;;140000;RUR;Интермобилити;2021;Москва;Russian Federation
1;Разработчик;IOS разработчик (удаленно);23.04.2021;2;300000;350000;250000;RUR;Yes Inc (Оборин Евгений);2021;Санкт-Петербург;Russian Federation
2;Разработчик;IOS разработчик (удаленно);06.06.2021;2;;;;;Клевер Пампкин;2021;Санкт-Петербург;Russian Federation
1;Разработчик;IOS разработчик (удаленно);20.09.2021;3;250000;250000;;RUR;Цифровые привычки;2021;Санкт-Петербург;Russian Federation
1;Разработчик;IOS Разработчик (удаленно);23.04.2020;2;110000;170000;50000;RUR;Бальчунас А.А.;2020;Санкт-Петербург;Russian Federation
1;Разработчик;IOS разработчик (удаленно);06.07.2020;3;;;;;Blogman;2020;Москва;Russian Federation
1;Разработчик;IOS разработчик (удалённо);10.11.2020;4;85000;130000;40000;RUR;Фрукторум;2020;Екатеринбург;Russian Federation
1;Разработчик;IOS разработчик (Boot camp);29.11.2021;4;;;;;Почтовые технологии;2021;Тверь;Russian Federation
1;Разработчик;IOS разработчик (junior+);02.08.2021;3;;;;;Бэнкс Софт Системс;2021;Москва;Russian Federation
1;Разработчик;IOS разработчик (middle);06.08.2021;3;195000;;195000;RUR;Dialog;2021;Санкт-Петербург;Russian Federation
1;Разработчик;IOS разработчик (middle);30.03.2021;1;130500;130500;;RUR;Диджитал медикэл оперейшнс;2021;Москва;Russian Federation
1;Разработчик;IOS разработчик (middle);06.05.2021;2;170000;;170000;RUR;Dialog;2021;Москва;Russian Federation
1;Разработчик;IOS разработчик (middle) - возможность удаленной работы;21.04.2021;2;250000;250000;;RUR;Сэвимэтикс;2021;Москва;Russian Federation
1;Разработчик;IOS разработчик (Middle/Senior);01.12.2021;4;200000;;200000;RUR;amoCRM;2021;Москва;Russian Federation
1;Разработчик;IOS разработчик (middle/senior);31.03.2021;1;200000;200000;;RUR;МФК ВЭББАНКИР;2021;Москва;Russian Federation
1;Разработчик;IOs разработчик (ObjC\Swift);26.04.2020;2;175000;200000;150000;RUR;Константа;2020;Москва;Russian Federation
1;Разработчик;IOS разработчик (Remote);08.11.2021;4;2500;3000;2000;USD;Peller.Tech Inc;2021;Москва;Russian Federation
1;Разработчик;IOS разработчик (SberStore, SberMail);08.04.2020;2;;;;;Сбербанк;2020;Москва;Russian Federation
1;Разработчик;IOS разработчик (SberUser);30.03.2021;1;;;;;Сбербанк;2021;Москва;Russian Federation
1;Разработчик;IOS разработчик (Senior/Middle);25.04.2021;2;190000;;190000;RUR;Астрософт Про;2021;Москва;Russian Federation
1;Разработчик;IOS разработчик (Special solutions);16.04.2020;2;;;;;Сбербанк;2020;Москва;Russian Federation
1;Разработчик;IOS разработчик (Swift UI);20.03.2021;1;;;;;Сбербанк;2021;Минск;Belarus
1;Разработчик;IOS разработчик (Swift UI);01.05.2021;2;;;;;Сбербанк;2021;Москва;Russian Federation
1;Разработчик;IOS разработчик (Swift);23.03.2021;1;130000;180000;80000;RUR;Минт Рокет;2021;Москва;Russian Federation
1;Разработчик;IOS разработчик (Swift);27.05.2021;2;;;;;ДомКлик;2021;Москва;Russian Federation
1;Разработчик;IOS разработчик (Swift);12.07.2021;3;140000;160000;120000;RUR;Playclio;2021;Санкт-Петербург;Russian Federation
1;Разработчик;IOS разработчик (Swift);26.08.2021;3;125000;180000;70000;RUR;Playclio;2021;Москва;Russian Federation
1;Разработчик;IOS разработчик (Swift);22.10.2021;4;185000;250000;120000;RUR;Смд-Агентство;2021;Москва;Russian Federation
1;Разработчик;IOS разработчик (SWIFT) remote;15.08.2021;3;4000;5000;3000;USD;RichPeach Media Limited;2021;Москва;Russian Federation
1;Разработчик;IOS разработчик (SWIFT) remote;16.09.2021;3;4000;5000;3000;USD;RichPeach Media Limited;2021;Москва;Russian Federation
1;Разработчик;IOS разработчик (SWIFT) remote;17.10.2021;4;4000;5000;3000;USD;RichPeach Media Limited;2021;Москва;Russian Federation
1;Разработчик;IOS разработчик (SWIFT), удаленно;29.11.2021;4;4000;5000;3000;USD;RichPeach Media Limited;2021;Санкт-Петербург;Russian Federation
1;Разработчик;IOS разработчик (SWIFT), remote;15.07.2021;3;4000;5000;3000;USD;Ричпич Медиа;2021;Москва;Russian Federation
1;Разработчик;IOS разработчик (SWIFT), remote;26.11.2021;4;4000;5000;3000;USD;RichPeach Media Limited;2021;Москва;Russian Federation
1;Разработчик;IOS разработчик (Swift/Objective-C);13.09.2020;3;177500;230000;125000;RUR;Отраслевой центр разработки и внедрения информационных систем / ОЦРВ;2020;Москва;Russian Federation
1;Разработчик;IOS разработчик / IOS developer;27.07.2020;3;120000;;120000;RUR;ГЛОНАСС МОБАЙЛ;2020;Москва;Russian Federation
2;Разработчик;IOS разработчик / iOS developer;30.07.2020;3;75000;90000;60000;RUR;Megabonus;2021;Мурманск;Russian Federation
1;Разработчик;IOS разработчик / iOS Developer;30.04.2021;2;;;;;Тогас/Togas;2021;Самара;Russian Federation
1;Разработчик;IOS разработчик / iOS Developer (удаленно);18.02.2021;1;160000;200000;120000;RUR;AEON;2021;Москва;Russian Federation
1;Разработчик;IOS разработчик / iOS Developer (удаленно);16.04.2021;2;160000;200000;120000;RUR;AEON;2021;Москва;Russian Federation
1;Разработчик;IOS разработчик / iOS Developer (удаленно);25.06.2021;2;155000;200000;110000;RUR;AEON;2021;Москва;Russian Federation
1;Разработчик;IOS разработчик / iOS Developer (удаленно);14.10.2021;4;180000;250000;110000;RUR;AEON;2021;Москва;Russian Federation
1;Разработчик;IOS разработчик / iOS Developer (middle);08.09.2020;3;60000;;60000;RUR;Mobidoo;2020;Москва;Russian Federation
1;Разработчик;IOS разработчик / iOS Developer (Senior) - удаленная работа;10.04.2021;2;300000;300000;;RUR;Trilla.me;2021;Москва;Russian Federation
1;Разработчик;IOS разработчик / iOS Developer (Senior) - удаленная работа;25.06.2021;2;300000;300000;;RUR;Trilla.me;2021;Москва;Russian Federation
1;Разработчик;IOS разработчик в CARL;20.10.2021;4;200000;;200000;RUR;КАРЛ РУС;2021;Москва;Russian Federation
1;Разработчик;IOS разработчик на удалёнке / iOS Developer Middle+;23.11.2021;4;2500;;2500;USD;Практика;2021;Москва;Russian Federation
1;Разработчик;IOS разработчик Junior+/Middle-;23.04.2021;2;120000;;120000;RUR;Теннисист Апп;2021;Москва;Russian Federation
1;Разработчик;IOS разработчик Middle;01.06.2021;2;170000;200000;140000;RUR;Астрософт Про;2021;Москва;Russian Federation
1;Разработчик;IOS разработчик Middle+;01.04.2021;2;140000;160000;120000;RUR;Playorium;2021;Москва;Russian Federation
88;Разработчик;IOS разработчик Middle+ (удаленная работа);04.03.2021;1;175000;250000;100000;RUR;SayHire.agency;2021;Москва;Russian Federation
1;Разработчик;IOS разработчик SwiftUI + Combine;20.09.2021;3;100000;;100000;RUR;Диджитал Лайн;2021;Санкт-Петербург;Russian Federation
1;Разработчик;IOS Developer;04.08.2020;3;;;;;Программа Коллекция;2020;Санкт-Петербург;Russian Federation
1;Разработчик;IOS Developer;17.03.2021;1;;;;;Rutube;2021;Санкт-Петербург;Russian Federation
1;Разработчик;IOS Developer;02.11.2020;4;225000;250000;200000;RUR;Шадрина Марина Владимировна;2020;Санкт-Петербург;Russian Federation
1;Разработчик;IOS developer;24.06.2021;2;;;;;МойСклад;2021;Москва;Russian Federation
1;Разработчик;IOS developer;17.03.2021;1;;;;;Промсвязьбанк;2021;Екатеринбург;Russian Federation
1;Разработчик;IOS Developer;22.02.2021;1;;;;;ДомКлик;2021;Тверь;Russian Federation
1;Разработчик;IOS developer;17.12.2020;4;400000;500000;300000;RUR;Агентство 21 век, КЦ;2020;Москва;Russian Federation
1;Разработчик;IOS Developer;09.04.2021;2;;;;;Parallels;2021;Санкт-Петербург;Russian Federation
2;Разработчик;IOS Developer;27.12.2020;4;265000;350000;180000;RUR;ТТ ДЕВЕЛОПМЕНТ;2020;Москва;Russian Federation
1;Разработчик;IOS developer;17.03.2021;1;;;;;Рамакс Интернейшнл;2021;Москва;Russian Federation
1;Разработчик;IOS developer;05.02.2021;1;125000;150000;100000;RUR;Артистраж;2021;Москва;Russian Federation
1002;Разработчик;IOS Developer;07.01.2021;1;1500;2000;1000;EUR;Скандивеб Бел;2021;Москва;Russian Federation
1;Разработчик;IOS developer;12.04.2021;2;;;;;DigitalHR;2021;Москва;Russian Federation
1;Разработчик;IOS Developer;11.05.2021;2;300000;300000;;RUR;АНО Проектный офис по Развитию Туризма и Гостеприимства Москвы;2021;Москва;Russian Federation
1;Разработчик;IOS Developer;08.02.2021;1;2500;3500;1500;USD;App in the Air;2021;Москва;Russian Federation
1;Разработчик;IOS Developer;02.04.2021;2;;;;;Яндекс;2021;Москва;Russian Federation
1;Разработчик;IOS Developer;22.03.2021;1;;;;;Нордклауд;2021;Москва;Russian Federation
1;Разработчик;IOS developer;29.03.2021;1;;;;;Lamoda;2021;Москва;Russian Federation
1;Разработчик;IOS developer;16.04.2021;2;;;;;Ростелеком Информационные Технологии;2021;Москва;Russian Federation
1;Разработчик;IOS Developer;12.05.2021;2;135000;140000;130000;RUR;Лайфтайм;2021;Минск;Belarus
1;Разработчик;IOS Developer;29.07.2021;3;;;;;Детский Мир;2021;Москва;Russian Federation
1;Разработчик;IOS developer;28.06.2021;2;;;;;Л-ТЕХ;2021;Москва;Russian Federation
1;Разработчик;IOS Developer;30.07.2021;3;;;;;inDriver;2021;Москва;Russian Federation
1;Разработчик;IOS developer;01.04.2021;2;;;;;BELUGA GROUP;2021;Санкт-Петербург;Russian Federation
1;Разработчик;IOS Developer;27.04.2021;2;;;;;Альфа Капитал;2021;Москва;Russian Federation
1;Разработчик;IOS developer;17.05.2021;2;1400;;1400;USD;Orion Alliance;2021;Москва;Russian Federation
1;Разработчик;IOS Developer;24.09.2021;3;;;;;ДомКлик;2021;Москва;Russian Federation
1;Разработчик;IOS Developer;11.05.2021;2;200000;;200000;RUR;AppQuantum;2021;Москва;Russian Federation
1;Разработчик;IOS Developer;07.06.2021;2;150000;180000;120000;RUR;PIZZASUSHIWOK;2021;Москва;Russian Federation
1;Разработчик;IOS developer;20.06.2021;2;;;;;Меркурио;2021;Санкт-Петербург;Russian Federation
1;Разработчик;IOS Developer;29.04.2021;2;300000;300000;;RUR;АНО Проектный офис по Развитию Туризма и Гостеприимства Москвы;2021;Москва;Russian Federation
1;Разработчик;IOS developer;26.04.2021;2;;;;;МАГНИТ, Розничная сеть;2021;Москва;Russian Federation
1;Разработчик;IOS Developer;30.04.2021;2;;;;;WILDBERRIES;2021;Москва;Russian Federation
1;Разработчик;IOS developer;29.08.2021;3;;;;;МойСклад;2021;Москва;Russian Federation
1;Разработчик;IOS developer;16.07.2021;3;220000;;220000;RUR;Кадровое агентство Юнити;2021;Самара;Russian Federation
1;Разработчик;IOS Developer;06.08.2021;3;200000;;200000;RUR;Хилби;2021;Москва;Russian Federation
1;Разработчик;IOS Developer;08.07.2021;3;;;;;Стрим;2021;Москва;Russian Federation
1;Разработчик;IOS developer;02.08.2021;3;;;;;Lamoda;2021;Москва;Russian Federation
1;Разработчик;IOS developer;21.06.2021;2;;;;;OneTwoTrip;2021;Москва;Russian Federation
1;Разработчик;IOS Developer;06.06.2021;2;;;;;inDriver;2021;Москва;Russian Federation
1;Разработчик;IOS developer;27.09.2021;3;;;;;Авентика;2021;Москва;Russian Federation
4;Разработчик;IOS Developer;13.09.2021;3;147500;195000;100000;RUR;Тензор;2021;Москва;Russian Federation
1;Разработчик;IOS developer;09.08.2021;3;;;;;Planner5D;2021;Москва;Russian Federation
1;Разработчик;IOS Developer;09.08.2021;3;;;;;СберМаркет;2021;Москва;Russian Federation
1002;Разработчик;IOS Developer;29.08.2021;3;;;;;Velvetech, LLC;2021;Москва;Russian Federation
1;Разработчик;IOS developer;16.08.2021;3;;;;;МойСклад;2021;Москва;Russian Federation
1;Разработчик;IOS Developer;30.11.2021;4;200000;250000;150000;RUR;Secreate;2021;Москва;Russian Federation
1;Разработчик;IOS developer;12.08.2021;3;150000;;150000;USD;Noveo;2021;Москва;Russian Federation
1002;Разработчик;IOS Developer;02.10.2021;4;;;;;Velvetech, LLC;2021;Санкт-Петербург;Russian Federation
1;Разработчик;IOS developer;10.09.2021;3;;;;;ИЦ АЙ-ТЕКО;2021;Санкт-Петербург;Russian Federation
4;Разработчик;IOS Developer;13.08.2021;3;147500;195000;100000;RUR;Тензор;2021;Санкт-Петербург;Russian Federation
1;Разработчик;IOS Developer;07.10.2021;4;200000;;200000;RUR;АСД Технолоджиз;2021;Санкт-Петербург;Russian Federation
1;Разработчик;IOS Developer;30.11.2021;4;300000;;300000;RUR;HR-PROFI;2021;Москва;Russian Federation
1;Разработчик;IOS developer;23.10.2021;4;2750;4000;1500;USD;Route4Me;2021;Екатеринбург;Russian Federation
1;Разработчик;IOS Developer;07.10.2021;4;200000;;200000;RUR;HR Prime;2021;Тверь;Russian Federation
1;Разработчик;IOS developer;20.09.2021;3;200000;200000;;RUR;Левел Линк;2021;Москва;Russian Federation
1;Разработчик;IOS Developer;22.09.2021;3;;;;;EGAR TECHNOLOGY, INC.;2021;Санкт-Петербург;Russian Federation
1;Разработчик;IOS developer;15.10.2021;4;;;;;РНД поинт;2021;Москва;Russian Federation
1;Разработчик;IOS Developer;30.10.2021;4;200000;;200000;RUR;АСД Технолоджиз;2021;Москва;Russian Federation
1;Разработчик;IOS Developer;25.11.2021;4;;;;;Andersen;2021;Москва;Russian Federation
1;Разработчик;IOS Developer;29.11.2021;4;250000;;250000;RUR;WeMakeTeam;2021;Москва;Russian Federation
1;Разработчик;IOS developer;25.11.2021;4;;;;;Меркурио;2021;Москва;Russian Federation
1;Разработчик;IOS Developer;28.11.2021;4;200000;;200000;RUR;АСД Технолоджиз;2021;Москва;Russian Federation
1;Разработчик;IOS Developer;17.04.2020;2;;;;;WILDBERRIES;2020;Москва;Russian Federation
1;Разработчик;IOS Developer;24.05.2020;2;;;;;Devexperts;2020;Москва;Russian Federation
1;Разработчик;IOS Developer;04.06.2020;2;;;;;Брокеркредитсервис;2020;Москва;Russian Federation
1;Разработчик;IOS Developer;23.07.2020;3;;;;;СберЗдоровье;2020;Москва;Russian Federation
1;Разработчик;IOS Developer;12.04.2021;2;;;;;СберМаркет;2021;Москва;Russian Federation
2;Разработчик;IOS developer;21.07.2020;3;120000;;120000;RUR;БИАРУМ;2020;Минск;Belarus
1;Разработчик;IOS Developer (Мобильный сервис для жилой недвижимости);03.06.2020;2;;;;;Филатова Нина;2020;Москва;Russian Federation
1;Разработчик;IOS Developer (Мобильный сервис для жилой недвижимости);13.07.2020;3;;;;;Филатова Нина;2020;Москва;Russian Federation
1;Разработчик;IOS developer (Разработчик IOS приложений);30.08.2021;3;;;;;Wouff Digital IT;2021;Москва;Russian Federation
1;Разработчик;"IOS Developer (Система ""Умный дом"")";07.07.2021;3;120000;;120000;RUR;Lightmans;2021;Санкт-Петербург;Russian Federation
2;Разработчик;IOS developer (IoT);06.09.2020;3;;;;;Electrolux;2020;Москва;Russian Federation
1;Разработчик;IOS developer (junior, middle);13.10.2021;4;;;;;ЛУКОЙЛ-Интер-Кард;2021;Москва;Russian Federation
1;Разработчик;IOS developer (junior+, remote);31.05.2021;2;;;;;Бэнкс Софт Системс;2021;Москва;Russian Federation
1;Разработчик;IOS developer (Marketplace);27.03.2020;1;;;;;OZON.ru;2020;Москва;Russian Federation
1;Разработчик;IOS developer (Marketplace);05.05.2020;2;;;;;OZON.ru;2020;Москва;Russian Federation
1;Разработчик;IOS Developer (Middle);22.03.2021;1;125000;150000;100000;RUR;PIZZASUSHIWOK;2021;Санкт-Петербург;Russian Federation
1;Разработчик;IOS developer (middle);12.11.2020;4;150000;200000;100000;RUR;Лаоши (ИП Кондрашов Сергей Сергеевич);2020;Москва;Russian Federation
2;Разработчик;IOS developer (middle/senior);14.04.2021;2;;;;;3205.today;2021;Москва;Russian Federation
1;Разработчик;IOS Developer (part-time, remote);10.06.2020;2;;;;;Expercast;2020;Москва;Russian Federation
4;Разработчик;IOS Developer (remote);09.08.2021;3;;;;;Velvetech, LLC;2021;Москва;Russian Federation
1;Разработчик;IOS developer (SDK);18.05.2020;2;;;;;Pushwoosh;2021;Самара;Russian Federation
1;Разработчик;IOS Developer (Senior);23.04.2021;2;;;;;ДомКлик;2021;Москва;Russian Federation
1;Разработчик;IOS developer (Senior/Middle);10.10.2021;4;180000;240000;120000;RUR;Астрософт Про;2021;Москва;Russian Federation
1;Разработчик;IOS Developer (Swift-разработчик);21.04.2021;2;;;;;TrafficShark;2021;Москва;Russian Federation
88;Разработчик;IOS developer (Swift, удаленно);15.01.2021;1;150000;180000;120000;RUR;B2Broker;2021;Москва;Russian Federation
1;Разработчик;"IOS Developer (Swift; Mid to Senior)";13.01.2021;1;3500;4000;3000;USD;Binance;2021;Москва;Russian Federation
1;Разработчик;IOS developer (Swift);24.11.2020;4;150000;180000;120000;RUR;B2Broker;2020;Москва;Russian Federation
1;Разработчик;IOS developer (Swift);17.03.2021;1;150000;150000;;RUR;Hawk House Integration;2021;Москва;Russian Federation
1;Разработчик;IOS Developer (Swift);13.07.2021;3;;;;;Сбербанк;2021;Москва;Russian Federation
1;Разработчик;IOS Developer (Swift);23.06.2021;2;;;;;Сбербанк;2021;Москва;Russian Federation
1;Разработчик;IOS Developer (Swift);25.06.2021;2;;;;;Сбербанк;2021;Москва;Russian Federation
1;Разработчик;IOS developer (Swift);08.04.2021;2;180000;210000;150000;RUR;B2Broker;2021;Москва;Russian Federation
1;Разработчик;IOS Developer (Swift) remote;08.11.2021;4;190000;230000;150000;RUR;Broniboy;2021;Москва;Russian Federation
1;Разработчик;IOS developer (with Frida only);01.04.2021;2;;;;;Свордфиш Секьюрити;2021;Москва;Russian Federation
1;Разработчик;IOS developer / iOS разработчик;17.03.2021;1;;;;;САТЕЛ, Группа компаний;2021;Санкт-Петербург;Russian Federation
1;Разработчик;IOS developer / IOS разработчик;03.11.2021;4;120000;;120000;RUR;КингБерд;2021;Санкт-Петербург;Russian Federation
1;Разработчик;IOS developer / iOS разработчик (Возможность работать из любой точки Мира);05.04.2021;2;;;;;Coral Club;2021;Санкт-Петербург;Russian Federation
1;Разработчик;IOS Developer в стартап;17.11.2021;4;275000;350000;200000;RUR;Beezee Toys;2021;Санкт-Петербург;Russian Federation
72;Разработчик;IOS Developer in Product Team (in office/remote);30.10.2020;4;230000;300000;160000;RUR;Где мои дети;2020;Москва;Russian Federation
2;Разработчик;IOS Developer Junior Стажер;15.09.2021;3;50000;60000;40000;RUR;Унжакова Алиса Эдуардовна;2021;Екатеринбург;Russian Federation
1;Разработчик;IOS developer Swift/Middle/Senior;17.10.2021;4;200000;200000;200000;RUR;МОТОРСПОРТ;2021;Тверь;Russian Federation
4;Разработчик;IOS Developer, Swift, Objective-C, C++;18.11.2020;4;100000;;100000;RUR;Flashphoner;2020;Москва;Russian Federation
1;Разработчик;IOS Developer: Nicosia, Cyprus;19.04.2021;2;;;;;3CX LTD;2021;Санкт-Петербург;Russian Federation
1;Разработчик;IOS developer/ IOS разработчик;12.07.2021;3;;;;;Бланк – банк для бизнеса;2021;Москва;Russian Federation
1;Разработчик;IOS developer/ TEAM LEAD;25.07.2021;3;415000;480000;350000;RUR;ВестКомТрейд;2021;Москва;Russian Federation
1;Разработчик;IOS Developer/Разработчик мобильных приложений;07.11.2020;4;230000;280000;180000;RUR;Syazan OU;2020;Москва;Russian Federation
1;Разработчик;IOS Junior+/Мiddle разработчик;04.05.2021;2;;;;;Trinity Monsters;2021;Москва;Russian Federation
1;Разработчик;IOS Mobile developer (Intern)/ IOS Мобильный разработчик в стартап (Стажер);08.06.2021;2;;;;;LetsTell;2021;Москва;Russian Federation
1;Разработчик;IOS senior developer;15.03.2020;1;235000;300000;170000;RUR;BestDoctor;2020;Москва;Russian Federation
1;Разработчик;IOS-разработчик;07.05.2021;2;120000;;120000;RUR;In.Game (ИП Усачев Александр Дмитриевич);2021;Москва;Russian Federation
115;Разработчик;IOS-разработчик;17.03.2021;1;;;;;Auslogics Labs Pty Ltd;2021;Москва;Russian Federation
115;Разработчик;IOS-разработчик;08.12.2020;4;1250;1500;1000;USD;ОсОО Пейджер;2020;Москва;Russian Federation
1;Разработчик;IOS-разработчик;12.05.2021;2;;;;;Эвотор;2021;Москва;Russian Federation
1;Разработчик;IOS-разработчик;06.07.2021;3;175000;220000;130000;RUR;Сэлф Софт Продакшн;2021;Москва;Russian Federation
1;Разработчик;IOS-разработчик;06.09.2021;3;155000;190000;120000;RUR;Rentateam;2021;Минск;Belarus
1;Разработчик;IOS-разработчик;03.09.2021;3;;;;;Сбербанк;2021;Москва;Russian Federation
1;Разработчик;IOS-разработчик;18.08.2021;3;;;;;Сбербанк;2021;Москва;Russian Federation
1;Разработчик;IOS-разработчик;28.11.2021;4;180000;230000;130000;RUR;Сэлф Софт Продакшн;2021;Москва;Russian Federation
2;Разработчик;IOS-разработчик;07.06.2020;2;;;;;Сбербанк;2020;Санкт-Петербург;Russian Federation
1;Разработчик;IOS-разработчик;10.07.2020;3;;;;;Сэлф Софт Продакшн;2020;Москва;Russian Federation
1;Разработчик;IOS-разработчик ( в Команду История операций);25.06.2021;2;;;;;Сбербанк;2021;Москва;Russian Federation
1;Разработчик;IOS-разработчик (онбординг);01.05.2021;2;;;;;Сбербанк;2021;Москва;Russian Federation
1;Разработчик;IOS-разработчик (персонализация, Сбербанк-онлайн);09.05.2021;2;;;;;Сбербанк;2021;Москва;Russian Federation
1;Разработчик;IOS-разработчик (Сбербизнес, команда Космос);18.03.2021;1;;;;;Сбербанк;2021;Москва;Russian Federation
1;Разработчик;IOS-разработчик (СберСпасибо);25.04.2021;2;;;;;Сбербанк;2021;Санкт-Петербург;Russian Federation
1;Разработчик;IOS-разработчик (Junior/Middle);01.12.2021;4;120000;;120000;RUR;amoCRM;2021;Москва;Russian Federation
212;Разработчик;IOS-разработчик (Obj-C/Swift) remote;26.02.2021;1;155000;190000;120000;RUR;4Taps;2021;Москва;Russian Federation
4;Разработчик;IOS-разработчик (remote);20.01.2021;1;230000;;230000;RUR;Крупная IT-компания;2021;Москва;Russian Federation
1;Разработчик;IOS-разработчик (Sovcombank IT);01.04.2020;2;;;;;Совкомбанк;2020;Москва;Russian Federation
1;Разработчик;IOS-разработчик (VK Работа);29.10.2021;4;;;;;VK;2021;Самара;Russian Federation
1;Разработчик;IOS-разработчик в команду образовательной платформы;06.07.2020;3;;;;;ВКонтакте;2020;Москва;Russian Federation
1;Разработчик;IOS-разработчик в WorkinGeeks;22.04.2021;2;130000;160000;100000;RUR;WorkinGeeks;2021;Москва;Russian Federation
1;Разработчик;IOS-разработчик на Swift;08.07.2021;3;;;;;Hi, Rockits!;2021;Москва;Russian Federation
1;Разработчик;IOS-developer;26.04.2021;2;;;;;Selecty;2021;Москва;Russian Federation
1;Разработчик;IOS-developer;23.06.2021;2;;;;;Перекресток Впрок;2021;Москва;Russian Federation
1;Разработчик;IOS-developer (платформенная команда);01.12.2020;4;;;;;Сбербанк;2020;Москва;Russian Federation
1;Разработчик;IOS-developer (Swift);05.11.2021;4;300000;300000;;RUR;KTS;2021;Москва;Russian Federation
1;Разработчик;IOS-developer (Swift);13.06.2021;2;200000;250000;150000;RUR;KTS;2021;Москва;Russian Federation
1;Разработчик;IOS-developer (Swift);26.09.2021;3;300000;300000;;RUR;KTS;2021;Москва;Russian Federation
1;Разработчик;IOS-developer (Swift);18.07.2021;3;190000;230000;150000;RUR;KTS;2021;Москва;Russian Federation
1;Разработчик;IOS-developer (Swift);22.08.2021;3;240000;240000;;RUR;KTS;2021;Москва;Russian Federation
1;Разработчик;IOS-developer (Swift);21.11.2021;4;300000;300000;;RUR;KTS;2021;Москва;Russian Federation
1;Разработчик;IOS-developer / iOS-разработчик;22.04.2020;2;;;;;TIM (разработка корпоративных решений);2020;Москва;Russian Federation
1;Разработчик;IOS/Android developer;22.04.2020;2;;;;;Инспиритум;2020;Санкт-Петербург;Russian Federation
2;Разработчик;IOS/Flutter Developer;15.09.2021;3;200000;300000;100000;RUR;igooods;2021;Санкт-Петербург;Russian Federation
2;Разработчик;IOS/Flutter Developer;01.12.2021;4;250000;300000;200000;RUR;igooods;2021;Санкт-Петербург;Russian Federation
1;Разработчик;Junior / Middle IOS разработчик;06.07.2021;3;100000;120000;80000;RUR;Передовые Системы Обучения и Контроля;2021;Санкт-Петербург;Russian Federation
1;Разработчик;Junior / Middle iOS developer;12.09.2020;3;150000;200000;100000;RUR;Payment Systems;2020;Москва;Russian Federation
1;Разработчик;Junior / Middle iOS-разработчик;05.07.2021;3;;;;;ИММО;2021;Екатеринбург;Russian Federation
1;Разработчик;Junior Fullstack - разработчик;15.05.2020;2;;;;;Uchi.ru;2020;Тверь;Russian Federation
1002;Разработчик;Junior IOS / Android Developer (Software maintenance);26.10.2021;4;;;;;Апподил;2021;Москва;Russian Federation
90;Разработчик;Junior iOS разработчик;14.05.2021;2;60000;60000;;RUR;Arview;2021;Санкт-Петербург;Russian Federation
1;Разработчик;Junior IOS разработчик;11.08.2021;3;100000;100000;;RUR;FINCH Mobile;2021;Москва;Russian Federation
1;Разработчик;Junior IOS разработчик;04.10.2021;4;;;;;HeadHunter;2021;Москва;Russian Federation
2;Разработчик;Junior IOS разработчик;12.03.2020;1;;;;;Доставка-проект;2020;Москва;Russian Federation
1;Разработчик;Junior IOS разработчик;28.03.2021;1;100000;100000;;RUR;FINCH Mobile;2021;Москва;Russian Federation
1;Разработчик;Junior IOS разработчик в SberStore;09.07.2021;3;;;;;Сбербанк;2021;Москва;Russian Federation
1;Разработчик;Junior IOS разработчик в SberStore;30.06.2021;2;;;;;Сбербанк;2021;Москва;Russian Federation
1;Разработчик;Junior iOS Developer;16.01.2021;1;;;;;Postuf;2021;Москва;Russian Federation
1;Разработчик;Junior iOS developer;17.03.2021;1;100000;120000;80000;RUR;Bip.ru;2021;Москва;Russian Federation
1;Разработчик;Junior iOS developer;09.02.2021;1;70000;70000;70000;RUR;Артистраж;2021;Москва;Russian Federation
1;Разработчик;Junior iOS Developer;23.05.2021;2;;;;;Postuf;2021;Москва;Russian Federation
74;Разработчик;Junior iOS Developer;25.10.2021;4;100000;150000;50000;RUR;Sun Synapse;2021;Москва;Russian Federation
1;Разработчик;Junior iOS developer;03.08.2021;3;;;;;Сбербанк;2021;Минск;Belarus
1;Разработчик;Junior iOS Developer;29.09.2021;3;;;;;Voximplant;2021;Москва;Russian Federation
1;Разработчик;Junior iOS Developer;13.10.2021;4;160000;180000;140000;RUR;FUNCORP;2021;Москва;Russian Federation
2760;Разработчик;Junior iOS developer;27.07.2021;3;;;;;Mad Devs;2021;Москва;Russian Federation
1;Разработчик;Junior iOS Developer;29.11.2021;4;;;;;Postuf;2021;Санкт-Петербург;Russian Federation
1;Разработчик;Junior iOS Developer;18.05.2020;2;;;;;ВБЦ;2020;Москва;Russian Federation
1;Разработчик;Junior IOS Developer (можно удаленно);12.08.2021;3;;;;;DPD в России;2021;Москва;Russian Federation
1;Разработчик;Junior IOS-разработчик;06.09.2021;3;95000;120000;70000;RUR;Rentateam;2021;Москва;Russian Federation
1;Разработчик;Junior iOS-разработчик в КиноПоиск;02.08.2021;3;;;;;Яндекс;2021;Москва;Russian Federation
1;Разработчик;Junior IOS-developer;20.03.2021;1;;;;;Сбербанк;2021;Москва;Russian Federation
1;Разработчик;Junior/Middle iOS разработчик;09.02.2021;1;;;;;БиномТех;2021;Санкт-Петербург;Russian Federation
1;Разработчик;Junior+/middle iOS-разработчик (Swift);03.08.2021;3;;;;;Spice Agency;2021;Москва;Russian Federation
1;Разработчик;MiddIe iOS разработчик (Swift);27.09.2021;3;100000;;100000;RUR;Sirin;2021;Москва;Russian Federation
1;Разработчик;Middle / Senior iOS developer;11.09.2021;3;200000;250000;150000;RUR;Bip.ru;2021;Москва;Russian Federation
1;Разработчик;Middle / Senior iOS Developer;29.08.2021;3;275000;350000;200000;RUR;AppQuantum;2021;Москва;Russian Federation
1;Разработчик;Middle / Senior iOS developer;04.06.2020;2;;;;;Payment Systems;2021;Самара;Russian Federation
1;Разработчик;Middle \ Senior iOS Developer;10.01.2021;1;1500;2000;1000;EUR;Antek AAD;2021;Москва;Russian Federation
1;Разработчик;Middle IOs разработчик;06.06.2021;2;150000;160000;140000;RUR;Коллер;2021;Москва;Russian Federation
2;Разработчик;Middle iOS ?разработчик;20.07.2021;3;;;;;Mercury Development;2021;Москва;Russian Federation
1;Разработчик;Middle iOS разработчик (удаленно);19.06.2021;2;150000;150000;;RUR;ЭппКрафт;2021;Москва;Russian Federation
1;Разработчик;Middle iOS Разработчик (AR);04.07.2021;3;110000;120000;100000;RUR;Артистраж;2021;Москва;Russian Federation
1;Разработчик;Middle IOS разработчик SwiftUI + Combine;21.07.2021;3;100000;;100000;RUR;Диджитал Лайн;2021;Москва;Russian Federation
1;Разработчик;Middle IOS разработчик SwiftUI + Combine;29.08.2021;3;100000;;100000;RUR;AGCSOFT;2021;Москва;Russian Federation
1;Разработчик;Middle IOS разработчик SwiftUI + Combine;02.08.2021;3;100000;;100000;RUR;Диджитал Лайн;2021;Москва;Russian Federation
1;Разработчик;Middle iOS Developer;07.05.2021;2;2225;2450;2000;USD;Deep Longevity;2021;Москва;Russian Federation
1;Разработчик;Middle iOS developer;20.06.2021;2;140000;;140000;RUR;Bip.ru;2021;Москва;Russian Federation
1;Разработчик;Middle IOS Developer;21.05.2021;2;;;;;СЕНЛА;2021;Москва;Russian Federation
1;Разработчик;Middle IOS Developer;18.07.2021;3;200000;;200000;RUR;AppQuantum;2021;Москва;Russian Federation
1;Разработчик;Middle iOS developer;16.08.2021;3;140000;;140000;RUR;Bip.ru;2021;Москва;Russian Federation
1;Разработчик;Middle iOS Developer;24.08.2021;3;210000;240000;180000;RUR;FUNCORP;2021;Санкт-Петербург;Russian Federation
1;Разработчик;Middle iOS Developer;10.09.2021;3;210000;250000;170000;RUR;Aero;2021;Санкт-Петербург;Russian Federation
1;Разработчик;Middle iOS developer;28.11.2021;4;175000;200000;150000;RUR;Bip.ru;2021;Санкт-Петербург;Russian Federation
1;Разработчик;Middle iOS Developer;10.10.2021;4;2250;3000;1500;USD;App in the Air;2021;Санкт-Петербург;Russian Federation
1;Разработчик;Middle iOS Developer;19.10.2021;4;2250;3000;1500;USD;App in the Air;2021;Москва;Russian Federation
1;Разработчик;Middle iOS Developer (удаленка);08.07.2021;3;100000;;100000;RUR;НИКИ.ФИЛИНИ;2021;Екатеринбург;Russian Federation
1;Разработчик;Middle iOS developer (RxSwift);28.09.2021;3;220000;220000;;RUR;Hi, Rockits!;2021;Тверь;Russian Federation
1;Разработчик;Middle iOS developer (RxSwift);05.11.2021;4;220000;220000;;RUR;Hi, Rockits!;2021;Москва;Russian Federation
1;Разработчик;Middle IOS developer (Swift);08.08.2021;3;130000;160000;100000;RUR;FINCH Mobile;2021;Санкт-Петербург;Russian Federation
1;Разработчик;Middle iOS developer, Разработчик IOS не ниже среднего уровня.;10.08.2021;3;125000;150000;100000;RUR;7RedLines;2021;Москва;Russian Federation
1;Разработчик;Middle IOS-разработчик многопользовательской платформы;11.09.2021;3;160000;200000;120000;RUR;vc.ru;2021;Москва;Russian Federation
1;Разработчик;Middle IOS-developer;16.09.2021;3;175000;250000;100000;RUR;Ирликс;2021;Москва;Russian Federation
2;Разработчик;Middle/Senior IOS Developer;11.01.2021;1;;;;;Devexperts;2021;Москва;Russian Federation
1;Разработчик;Middle/Senior IOS Developer;31.03.2021;1;200000;200000;;RUR;Диджитал Лайн;2021;Москва;Russian Federation
1;Разработчик;Middle/Senior iOS Developer в Feature team;18.04.2021;2;;;;;inDriver;2021;Москва;Russian Federation
1;Разработчик;Middle/Senior iOS Developer в Feature team;21.04.2021;2;;;;;inDriver;2021;Москва;Russian Federation
1;Разработчик;Middle/Senior iOS Developer в Feature team;22.04.2021;2;;;;;inDriver;2021;Москва;Russian Federation
76;Разработчик;Mobile разработчик (Dart/Flutter || iOS || Android);01.07.2021;3;205000;230000;180000;RUR;Дабл Ап;2021;Москва;Russian Federation
1;Разработчик;Mobile App Developer (iOS and Android);15.04.2021;2;;;;;Moeco;2021;Москва;Russian Federation
1;Разработчик;Mobile Developer (iOS);05.07.2021;3;200000;250000;150000;RUR;LATOKEN;2021;Москва;Russian Federation
1;Разработчик;Senior Android-developer (виртуальный ассистент-Сбербанк Онлайн);28.02.2021;1;;;;;Сбербанк;2021;Минск;Belarus
66;Разработчик;Senior Developer (C++, iOS);11.01.2021;1;;;;;Game Insight;2021;Москва;Russian Federation
1;Разработчик;Senior Developer (C++, iOS);12.04.2021;2;;;;;Game Insight;2021;Москва;Russian Federation
2;Разработчик;Senior Flutter/iOS Developer;26.08.2021;3;200000;;200000;RUR;Gameram;2021;Москва;Russian Federation
24;Разработчик;Senior Flutter/iOS Developer;25.07.2021;3;200000;;200000;RUR;Gameram;2021;Санкт-Петербург;Russian Federation
26;Разработчик;Senior Flutter/iOS Developer;09.08.2021;3;200000;;200000;RUR;Gameram;2021;Москва;Russian Federation
76;Разработчик;Senior Flutter/iOS Developer;09.08.2021;3;200000;;200000;RUR;Gameram;2021;Москва;Russian Federation
88;Разработчик;Senior Flutter/iOS Developer;09.08.2021;3;200000;;200000;RUR;Gameram;2021;Москва;Russian Federation
3;Разработчик;Senior Flutter/iOS Developer;09.08.2021;3;200000;;200000;RUR;Gameram;2021;Москва;Russian Federation
4;Разработчик;Senior Flutter/iOS Developer;09.08.2021;3;200000;;200000;RUR;Gameram;2021;Москва;Russian Federation
66;Разработчик;Senior Flutter/iOS Developer;09.08.2021;3;200000;;200000;RUR;Gameram;2021;Санкт-Петербург;Russian Federation
1;Разработчик;Senior Flutter/iOS Developer;10.08.2021;3;200000;;200000;RUR;Gameram;2021;Москва;Russian Federation
98;Разработчик;Senior Flutter/iOS Developer;09.08.2021;3;200000;;200000;RUR;Gameram;2021;Москва;Russian Federation
41;Разработчик;Senior Flutter/iOS Developer;09.08.2021;3;200000;;200000;RUR;Gameram;2021;Москва;Russian Federation
104;Разработчик;Senior Flutter/iOS Developer;09.08.2021;3;200000;;200000;RUR;Gameram;2021;Москва;Russian Federation
78;Разработчик;Senior Flutter/iOS Developer;09.08.2021;3;200000;;200000;RUR;Gameram;2021;Самара;Russian Federation
160;Разработчик;Senior iOS Разработчик;28.12.2020;4;;;;;Beeline, ТМ;2020;Москва;Russian Federation
1;Разработчик;Senior iOS разработчик (Swift) торговой компании;16.10.2020;4;;;;;EPAM Systems, Inc.;2020;Москва;Russian Federation
3;Разработчик;Senior iOS разработчик (Swift) торговой компании;12.01.2021;1;;;;;EPAM Systems, Inc.;2021;Москва;Russian Federation
1;Разработчик;Senior iOS Developer;27.10.2020;4;250000;;250000;RUR;Gradient;2020;Москва;Russian Federation
1;Разработчик;Senior iOS developer;24.05.2021;2;200000;;200000;RUR;Константа;2021;Москва;Russian Federation
1;Разработчик;Senior IOS developer;28.07.2021;3;335000;400000;270000;RUR;Techno Diasoft;2021;Москва;Russian Federation
1;Разработчик;Senior iOS Developer;29.11.2021;4;350000;400000;300000;RUR;Fitingo;2021;Москва;Russian Federation
1;Разработчик;Senior iOS Developer;06.11.2021;4;350000;400000;300000;RUR;Fitingo;2021;Москва;Russian Federation
160;Разработчик;Senior iOS Developer;19.11.2021;4;;;;;inDriver;2021;Москва;Russian Federation
1;Разработчик;Senior iOS Developer;04.05.2020;2;3750;5000;2500;USD;Smart Development Ltd;2020;Москва;Russian Federation
1;Разработчик;Senior iOS Developer;23.04.2020;2;260000;;260000;RUR;Gradient;2020;Москва;Russian Federation
1;Разработчик;Senior IOS Developer;31.07.2020;3;;;;;Перфект Арт;2020;Москва;Russian Federation
1;Разработчик;Senior iOS Developer;01.06.2020;2;260000;;260000;RUR;Gradient;2020;Москва;Russian Federation
2;Разработчик;Senior IOS Developer;19.06.2020;2;;;;;Перфект Арт;2020;Санкт-Петербург;Russian Federation
1;Разработчик;Senior IOS Developer;19.06.2020;2;;;;;Перфект Арт;2020;Санкт-Петербург;Russian Federation
1;Разработчик;Senior IOS Developer;08.09.2020;3;;;;;Перфект Арт;2020;Санкт-Петербург;Russian Federation
2;Разработчик;Senior IOS Developer;08.09.2020;3;;;;;Перфект Арт;2020;Санкт-Петербург;Russian Federation
1;Разработчик;Senior IOS Developer;20.07.2020;3;;;;;Перфект Арт;2020;Москва;Russian Federation
2;Разработчик;Senior IOS Developer;20.07.2020;3;;;;;Перфект Арт;2020;Екатеринбург;Russian Federation
1;Разработчик;Senior iOS developer (remote);29.01.2021;1;200000;;200000;RUR;Bip.ru;2021;Тверь;Russian Federation
1;Разработчик;Senior IOS developer (Remote);29.11.2021;4;;;;;Flow Health, Inc;2021;Москва;Russian Federation
1002;Разработчик;Senior iOS Developer в международный B2C-сервис премиум-класса;28.01.2021;1;300000;300000;;RUR;Anchous Drive Recruitment;2021;Санкт-Петербург;Russian Federation
1;Разработчик;Senior iOS Developer в международный B2C-сервис премиум-класса;15.12.2020;4;300000;300000;;RUR;Anchous Drive Recruitment;2020;Москва;Russian Federation
2;Разработчик;Senior iOS Developer в международный B2C-сервис премиум-класса;15.12.2020;4;300000;300000;;RUR;Anchous Drive Recruitment;2020;Москва;Russian Federation
1;Разработчик;Senior IOS-разработчик (Сбербанк Инвестор);14.12.2020;4;;;;;Сбербанк;2020;Москва;Russian Federation
1;Разработчик;Senior IOS-developer (голосовой ассистент);11.04.2021;2;270000;;270000;RUR;Сбербанк;2021;Москва;Russian Federation
1;Разработчик;Senior/Lead IOS разработчик Developer (удаленно);24.06.2021;2;275000;350000;200000;RUR;Broniboy;2021;Москва;Russian Federation
1;Разработчик;Senior/Lead IOS разработчик Developer (удаленно);02.06.2021;2;145000;170000;120000;RUR;Broniboy;2021;Москва;Russian Federation
88;Разработчик;Strong middle/Senior iOS - разработчик;25.05.2021;2;;;;;Аквелон;2021;Москва;Russian Federation
1;Разработчик;Swift разработчик iOS приложения (удаленная работа);09.12.2020;4;200000;200000;;RUR;Пикабу;2020;Москва;Russian Federation
1;Разработчик;Unity разработчик iOS;26.04.2021;2;200000;200000;;RUR;AppHouse;2021;Москва;Russian Federation
78;Разработчик;Unity Developer;01.12.2021;4;;;;;Appbooster;2021;Москва;Russian Federation
1;Разработчик;Программист iOS (Objective-C);16.06.2021;2;160000;190000;130000;RUR;Фулстек;2021;Москва;Russian Federation
1;Разработчик;Программист iOS Swift (проект метавселенной);15.11.2021;4;100000;;100000;RUR;Cappasity Inc.;2021;Тамбов;Russian Federation
